uuid,pdf_title,pdf_storage_path,txt_storage_path
462acf53-9f8f-48d6-8174-9a19e0f1b795,“黄金水道”带来发展新机遇,result\np_navi\pdf\462acf53-9f8f-48d6-8174-9a19e0f1b795.pdf,result\np_navi\txt\462acf53-9f8f-48d6-8174-9a19e0f1b795.txt
5c6e2f0f-5e84-470b-9413-43c5dc925c13,让非物质文化遗产绽放出更加迷人的光彩,result\np_navi\pdf\5c6e2f0f-5e84-470b-9413-43c5dc925c13.pdf,result\np_navi\txt\5c6e2f0f-5e84-470b-9413-43c5dc925c13.txt
c364724f-37e2-4068-9c40-973e8561bd74,中央宣传部有关部门负责人就文娱领域综合治理工作答记者问,result\np_navi\pdf\c364724f-37e2-4068-9c40-973e8561bd74.pdf,result\np_navi\txt\c364724f-37e2-4068-9c40-973e8561bd74.txt
3354fde0-6d06-41a4-b23c-f4935fab29dc,忠实履行党和人民赋予的神圣使命,result\np_navi\pdf\3354fde0-6d06-41a4-b23c-f4935fab29dc.pdf,result\np_navi\txt\3354fde0-6d06-41a4-b23c-f4935fab29dc.txt
6e446ab5-a9cf-4782-84f5-88ee83e2ba68,奋战在抗洪一线的年轻人,result\np_navi\pdf\6e446ab5-a9cf-4782-84f5-88ee83e2ba68.pdf,result\np_navi\txt\6e446ab5-a9cf-4782-84f5-88ee83e2ba68.txt
2b33b5ff-3d76-4116-b831-1f37f87a4146,互联网科技赋能智慧零售,result\np_navi\pdf\2b33b5ff-3d76-4116-b831-1f37f87a4146.pdf,result\np_navi\txt\2b33b5ff-3d76-4116-b831-1f37f87a4146.txt
86374766-5be8-4187-bfff-a2ffde16d0ad,嘉兴努力走出高质量发展之路,result\np_navi\pdf\86374766-5be8-4187-bfff-a2ffde16d0ad.pdf,result\np_navi\txt\86374766-5be8-4187-bfff-a2ffde16d0ad.txt
4b699faa-d50d-457a-baba-f62627d28410,把口袋公园这件好事办好实事办实,result\np_navi\pdf\4b699faa-d50d-457a-baba-f62627d28410.pdf,result\np_navi\txt\4b699faa-d50d-457a-baba-f62627d28410.txt
166cfc5c-ae8a-489e-909b-bc5c3f623fb4,韩国民众持续抗议驻韩美军生化实验,result\np_navi\pdf\166cfc5c-ae8a-489e-909b-bc5c3f623fb4.pdf,result\np_navi\txt\166cfc5c-ae8a-489e-909b-bc5c3f623fb4.txt
1d069ad2-01c0-40be-9ffe-97d9aad3004a,与群众越密切，就越能找到好办法,result\np_navi\pdf\1d069ad2-01c0-40be-9ffe-97d9aad3004a.pdf,result\np_navi\txt\1d069ad2-01c0-40be-9ffe-97d9aad3004a.txt
17ddb7c9-4e17-4672-87f9-8017dd8d0668,中国共产党领导中国取得巨大成就,result\np_navi\pdf\17ddb7c9-4e17-4672-87f9-8017dd8d0668.pdf,result\np_navi\txt\17ddb7c9-4e17-4672-87f9-8017dd8d0668.txt
70cad951-9e36-45da-a2ef-efd82cbb9ce6,苦干实干，同乡亲一起,result\np_navi\pdf\70cad951-9e36-45da-a2ef-efd82cbb9ce6.pdf,result\np_navi\txt\70cad951-9e36-45da-a2ef-efd82cbb9ce6.txt
d4dd2a0b-3c03-460c-b7a9-59887537d378,坚决防止未成年人沉迷网络游戏,result\np_navi\pdf\d4dd2a0b-3c03-460c-b7a9-59887537d378.pdf,result\np_navi\txt\d4dd2a0b-3c03-460c-b7a9-59887537d378.txt
53373f9d-b9e2-4bcc-9a21-57879fe43f61,坚持科学精神  反对政治操弄,result\np_navi\pdf\53373f9d-b9e2-4bcc-9a21-57879fe43f61.pdf,result\np_navi\txt\53373f9d-b9e2-4bcc-9a21-57879fe43f61.txt
12b2a726-7fdf-40da-98fe-c0f4f1295d9d,做好电力保障  促进民生改善,result\np_navi\pdf\12b2a726-7fdf-40da-98fe-c0f4f1295d9d.pdf,result\np_navi\txt\12b2a726-7fdf-40da-98fe-c0f4f1295d9d.txt
cba0eb8d-e961-454a-8c99-23f4c51a6c9e,甩锅推责难掩自身抗疫不力事实,result\np_navi\pdf\cba0eb8d-e961-454a-8c99-23f4c51a6c9e.pdf,result\np_navi\txt\cba0eb8d-e961-454a-8c99-23f4c51a6c9e.txt
8fc38dd4-e64d-47b1-badb-d00cb0da3faa,“中国在稳定全球贸易方面发挥了关键作用”,result\np_navi\pdf\8fc38dd4-e64d-47b1-badb-d00cb0da3faa.pdf,result\np_navi\txt\8fc38dd4-e64d-47b1-badb-d00cb0da3faa.txt
5edad8b1-31c9-4c0b-aafc-386020d7f2c4,今年前五月吉林完成造林215.8万亩,result\np_navi\pdf\5edad8b1-31c9-4c0b-aafc-386020d7f2c4.pdf,result\np_navi\txt\5edad8b1-31c9-4c0b-aafc-386020d7f2c4.txt
e469125d-31de-4922-9dc9-bfdf6f8b331f,今年上半年广西地表水Ⅰ―Ⅲ类断面占98.3%,result\np_navi\pdf\e469125d-31de-4922-9dc9-bfdf6f8b331f.pdf,result\np_navi\txt\e469125d-31de-4922-9dc9-bfdf6f8b331f.txt
8954aa9b-8701-4238-8cbb-e925baa994ef,加快补齐医疗机构污水处理设施短板,result\np_navi\pdf\8954aa9b-8701-4238-8cbb-e925baa994ef.pdf,result\np_navi\txt\8954aa9b-8701-4238-8cbb-e925baa994ef.txt
13911858-7319-47d4-b4d5-2a1f4bb46ae5,生态补偿  共护碧水,result\np_navi\pdf\13911858-7319-47d4-b4d5-2a1f4bb46ae5.pdf,result\np_navi\txt\13911858-7319-47d4-b4d5-2a1f4bb46ae5.txt
ddb0298b-bd16-4ad8-aaf8-1edae54121dd,“社保缴上了，补贴领到了!”,result\np_navi\pdf\ddb0298b-bd16-4ad8-aaf8-1edae54121dd.pdf,result\np_navi\txt\ddb0298b-bd16-4ad8-aaf8-1edae54121dd.txt
ea9e82f5-f719-4abf-bbda-e7b53177e042,保障到位  干劲加倍,result\np_navi\pdf\ea9e82f5-f719-4abf-bbda-e7b53177e042.pdf,result\np_navi\txt\ea9e82f5-f719-4abf-bbda-e7b53177e042.txt
12dc630e-025e-4cae-bd67-8d0f3bcc86c4,激浊扬清  弘扬正气,result\np_navi\pdf\12dc630e-025e-4cae-bd67-8d0f3bcc86c4.pdf,result\np_navi\txt\12dc630e-025e-4cae-bd67-8d0f3bcc86c4.txt
2fbae514-698f-44af-a83e-ef4f7dd9ce19,专业机构请进村  文化大餐端上来,result\np_navi\pdf\2fbae514-698f-44af-a83e-ef4f7dd9ce19.pdf,result\np_navi\txt\2fbae514-698f-44af-a83e-ef4f7dd9ce19.txt
e458d4f9-c015-4fd0-ace1-9d75b3175792,学会主动“找活干”,result\np_navi\pdf\e458d4f9-c015-4fd0-ace1-9d75b3175792.pdf,result\np_navi\txt\e458d4f9-c015-4fd0-ace1-9d75b3175792.txt
62478382-d02a-4831-a287-b3ac60a14f7e,轻装上阵，多为街坊办实事,result\np_navi\pdf\62478382-d02a-4831-a287-b3ac60a14f7e.pdf,result\np_navi\txt\62478382-d02a-4831-a287-b3ac60a14f7e.txt
9f688e69-58de-4a92-86f5-a5e11a1e1317,聚焦专精特新  形成发展优势,result\np_navi\pdf\9f688e69-58de-4a92-86f5-a5e11a1e1317.pdf,result\np_navi\txt\9f688e69-58de-4a92-86f5-a5e11a1e1317.txt
2b7af3b5-62ce-4efe-a03f-1711e17fc9ee,矗立天地间的不朽精神丰碑,result\np_navi\pdf\2b7af3b5-62ce-4efe-a03f-1711e17fc9ee.pdf,result\np_navi\txt\2b7af3b5-62ce-4efe-a03f-1711e17fc9ee.txt
0b08c252-fb1b-49f6-b36b-bff4a6cdbd22,把学问写进群众心坎里,result\np_navi\pdf\0b08c252-fb1b-49f6-b36b-bff4a6cdbd22.pdf,result\np_navi\txt\0b08c252-fb1b-49f6-b36b-bff4a6cdbd22.txt
a3761c4f-3a45-4181-bdcb-76263d2bd005,弘扬伟大建党精神  书写新的恢宏史诗,result\np_navi\pdf\a3761c4f-3a45-4181-bdcb-76263d2bd005.pdf,result\np_navi\txt\a3761c4f-3a45-4181-bdcb-76263d2bd005.txt
5c440f83-6a8d-427d-8658-2fa2743a77aa,栗战书同斯里兰卡议长阿贝瓦德纳举行会谈,result\np_navi\pdf\5c440f83-6a8d-427d-8658-2fa2743a77aa.pdf,result\np_navi\txt\5c440f83-6a8d-427d-8658-2fa2743a77aa.txt
05214cd9-9bb7-4498-a12b-d40904999132,拥抱数字经济  促进服贸繁荣,result\np_navi\pdf\05214cd9-9bb7-4498-a12b-d40904999132.pdf,result\np_navi\txt\05214cd9-9bb7-4498-a12b-d40904999132.txt
991dfd0b-75cf-4329-85ce-6b6ac623874d,织密个人信息保护的法治之网,result\np_navi\pdf\991dfd0b-75cf-4329-85ce-6b6ac623874d.pdf,result\np_navi\txt\991dfd0b-75cf-4329-85ce-6b6ac623874d.txt
77ceb045-1bb1-41fa-a3d3-7b74c13acb76,“五位一体”谱华章,result\np_navi\pdf\77ceb045-1bb1-41fa-a3d3-7b74c13acb76.pdf,result\np_navi\txt\77ceb045-1bb1-41fa-a3d3-7b74c13acb76.txt
ca7525df-44ef-4c14-867f-42d9950c6cac,中国共产党是为人民奋斗的政党,result\np_navi\pdf\ca7525df-44ef-4c14-867f-42d9950c6cac.pdf,result\np_navi\txt\ca7525df-44ef-4c14-867f-42d9950c6cac.txt
5bb84ab8-ab62-4b4a-a65c-5ef182414928,市场监管总局开展“铁拳”行动,result\np_navi\pdf\5bb84ab8-ab62-4b4a-a65c-5ef182414928.pdf,result\np_navi\txt\5bb84ab8-ab62-4b4a-a65c-5ef182414928.txt
6bd7491a-898a-4db8-ac0d-fe22e9caac25,推动社区商业转型升级,result\np_navi\pdf\6bd7491a-898a-4db8-ac0d-fe22e9caac25.pdf,result\np_navi\txt\6bd7491a-898a-4db8-ac0d-fe22e9caac25.txt
cd591c84-f36a-426a-92a7-843656579db9,打造一刻钟便民生活圈,result\np_navi\pdf\cd591c84-f36a-426a-92a7-843656579db9.pdf,result\np_navi\txt\cd591c84-f36a-426a-92a7-843656579db9.txt
ff3b9253-404a-4471-a9ca-9aeaee72196f,加强废弃电器电子产品回收利用,result\np_navi\pdf\ff3b9253-404a-4471-a9ca-9aeaee72196f.pdf,result\np_navi\txt\ff3b9253-404a-4471-a9ca-9aeaee72196f.txt
d2c2750a-91a1-4dd2-bb26-92ded128a3c4,保持埋头苦干的劲头和抬头看路的清醒,result\np_navi\pdf\d2c2750a-91a1-4dd2-bb26-92ded128a3c4.pdf,result\np_navi\txt\d2c2750a-91a1-4dd2-bb26-92ded128a3c4.txt
becef091-b27c-4d4b-870e-169aebd057e2,推进城市高质量发展  提升居民生活品质,result\np_navi\pdf\becef091-b27c-4d4b-870e-169aebd057e2.pdf,result\np_navi\txt\becef091-b27c-4d4b-870e-169aebd057e2.txt
147bd023-b1b4-4eb7-9d70-1b232e9aca40,加强交流合作  促进持续发展,result\np_navi\pdf\147bd023-b1b4-4eb7-9d70-1b232e9aca40.pdf,result\np_navi\txt\147bd023-b1b4-4eb7-9d70-1b232e9aca40.txt
095bdc05-f1b4-4b94-8420-bedbc0dbf50e,欧洲努力应对疫情反弹,result\np_navi\pdf\095bdc05-f1b4-4b94-8420-bedbc0dbf50e.pdf,result\np_navi\txt\095bdc05-f1b4-4b94-8420-bedbc0dbf50e.txt
d853f7f9-1409-44ba-b5ab-d439fa8d0de2,加蓬推动森林产业可持续发展,result\np_navi\pdf\d853f7f9-1409-44ba-b5ab-d439fa8d0de2.pdf,result\np_navi\txt\d853f7f9-1409-44ba-b5ab-d439fa8d0de2.txt
ed3bd687-6246-419a-b5c5-9da01ff42d2f,“五位一体”谱华章,result\np_navi\pdf\ed3bd687-6246-419a-b5c5-9da01ff42d2f.pdf,result\np_navi\txt\ed3bd687-6246-419a-b5c5-9da01ff42d2f.txt
d5519e6d-933f-4d09-bc14-66e6b27ba183,农民培训有实招,result\np_navi\pdf\d5519e6d-933f-4d09-bc14-66e6b27ba183.pdf,result\np_navi\txt\d5519e6d-933f-4d09-bc14-66e6b27ba183.txt
6c09bdd7-4639-405b-ac98-64fd9e41f225,让青山常在、绿水长流、空气常新,result\np_navi\pdf\6c09bdd7-4639-405b-ac98-64fd9e41f225.pdf,result\np_navi\txt\6c09bdd7-4639-405b-ac98-64fd9e41f225.txt
ca6fcaea-0136-432f-ae48-0424fd582812,努力培养担当民族复兴重任的时代新人,result\np_navi\pdf\ca6fcaea-0136-432f-ae48-0424fd582812.pdf,result\np_navi\txt\ca6fcaea-0136-432f-ae48-0424fd582812.txt
730f8ce1-cccc-472b-8dc5-ada12434cfcb,广袤山乡舒展小康新画卷,result\np_navi\pdf\730f8ce1-cccc-472b-8dc5-ada12434cfcb.pdf,result\np_navi\txt\730f8ce1-cccc-472b-8dc5-ada12434cfcb.txt
59e6dc3a-6ea0-4fef-8974-2d049d31661e,2021年中国国际服务贸易交易会综合演练活动举行,result\np_navi\pdf\59e6dc3a-6ea0-4fef-8974-2d049d31661e.pdf,result\np_navi\txt\59e6dc3a-6ea0-4fef-8974-2d049d31661e.txt
e4398b57-86be-48c0-a546-70e6545862ed,科学溯源必须公平公正,result\np_navi\pdf\e4398b57-86be-48c0-a546-70e6545862ed.pdf,result\np_navi\txt\e4398b57-86be-48c0-a546-70e6545862ed.txt
bbad481d-a7dd-4d47-8c27-38137685cb60,“中国共产党是中国特色社会主义事业的领导核心”,result\np_navi\pdf\bbad481d-a7dd-4d47-8c27-38137685cb60.pdf,result\np_navi\txt\bbad481d-a7dd-4d47-8c27-38137685cb60.txt
6ed465b1-147b-4d5e-826b-31c9b0082a16,把保障就业放在宏观政策优先位置,result\np_navi\pdf\6ed465b1-147b-4d5e-826b-31c9b0082a16.pdf,result\np_navi\txt\6ed465b1-147b-4d5e-826b-31c9b0082a16.txt
40a31104-684b-40d9-b08e-e21846d56557,北京加快服贸首创政策落地,result\np_navi\pdf\40a31104-684b-40d9-b08e-e21846d56557.pdf,result\np_navi\txt\40a31104-684b-40d9-b08e-e21846d56557.txt
c8532a2a-b5eb-452e-9f3d-7e421c743523,具有强大领导力执政力,result\np_navi\pdf\c8532a2a-b5eb-452e-9f3d-7e421c743523.pdf,result\np_navi\txt\c8532a2a-b5eb-452e-9f3d-7e421c743523.txt
7032f606-7cb8-45e4-a697-f3c5328e30e5,推动新时代党的民族工作高质量发展,result\np_navi\pdf\7032f606-7cb8-45e4-a697-f3c5328e30e5.pdf,result\np_navi\txt\7032f606-7cb8-45e4-a697-f3c5328e30e5.txt
2959a9ab-0736-4a1d-9d1f-16e4df55e66f,政协常委会第十八次会议开幕,result\np_navi\pdf\2959a9ab-0736-4a1d-9d1f-16e4df55e66f.pdf,result\np_navi\txt\2959a9ab-0736-4a1d-9d1f-16e4df55e66f.txt
019bc068-d2d5-45bb-9436-aff7efebbc37,把铸牢中华民族共同体意识贯穿党的民族工作全过程各方面,result\np_navi\pdf\019bc068-d2d5-45bb-9436-aff7efebbc37.pdf,result\np_navi\txt\019bc068-d2d5-45bb-9436-aff7efebbc37.txt
28e64ed7-ba50-410f-b4d9-c124fde66dfd,习近平同厄瓜多尔总统拉索通电话,result\np_navi\pdf\28e64ed7-ba50-410f-b4d9-c124fde66dfd.pdf,result\np_navi\txt\28e64ed7-ba50-410f-b4d9-c124fde66dfd.txt
53d315ed-be8c-40d1-bc9c-19c62e08ea8a,习近平同古巴国家主席迪亚斯―卡内尔通电话,result\np_navi\pdf\53d315ed-be8c-40d1-bc9c-19c62e08ea8a.pdf,result\np_navi\txt\53d315ed-be8c-40d1-bc9c-19c62e08ea8a.txt
be243dc6-24f6-49e1-9768-bd044365082b,外交部：美病毒溯源报告是政治报告、甩锅报告、虚假报告,result\np_navi\pdf\be243dc6-24f6-49e1-9768-bd044365082b.pdf,result\np_navi\txt\be243dc6-24f6-49e1-9768-bd044365082b.txt
976624f6-87cc-40c5-bfb7-4ab03f9af76d,《中华人民共和国简史》《改革开放简史》《社会主义发展简史》出版发行,result\np_navi\pdf\976624f6-87cc-40c5-bfb7-4ab03f9af76d.pdf,result\np_navi\txt\976624f6-87cc-40c5-bfb7-4ab03f9af76d.txt
b9b062ea-a162-4d0d-b5a0-b3f446ae9c6e,“英国一些政客对中国新疆的指控违背事实、荒谬至极”,result\np_navi\pdf\b9b062ea-a162-4d0d-b5a0-b3f446ae9c6e.pdf,result\np_navi\txt\b9b062ea-a162-4d0d-b5a0-b3f446ae9c6e.txt
342138af-669e-44d7-a102-245a1f1e9acb,一路向前冲  敢拼才会赢,result\np_navi\pdf\342138af-669e-44d7-a102-245a1f1e9acb.pdf,result\np_navi\txt\342138af-669e-44d7-a102-245a1f1e9acb.txt
6b0a0bb0-b170-45a1-8075-60c418536711,加强反垄断反不正当竞争监管力度  完善物资储备体制机制深入打好污染防治攻坚战,result\np_navi\pdf\6b0a0bb0-b170-45a1-8075-60c418536711.pdf,result\np_navi\txt\6b0a0bb0-b170-45a1-8075-60c418536711.txt
63d7f126-82a5-4671-980c-48daf2887c3c,减少碳排放需要全民行动,result\np_navi\pdf\63d7f126-82a5-4671-980c-48daf2887c3c.pdf,result\np_navi\txt\63d7f126-82a5-4671-980c-48daf2887c3c.txt
bb65b4a0-97bc-4a62-a08f-96a536b98025,县里就医  省钱省时,result\np_navi\pdf\bb65b4a0-97bc-4a62-a08f-96a536b98025.pdf,result\np_navi\txt\bb65b4a0-97bc-4a62-a08f-96a536b98025.txt
3cab4747-22c6-4906-b0ef-36d3c23a7c76,崇德尚艺是文艺工作者一生的功课,result\np_navi\pdf\3cab4747-22c6-4906-b0ef-36d3c23a7c76.pdf,result\np_navi\txt\3cab4747-22c6-4906-b0ef-36d3c23a7c76.txt
857a79f1-7140-42c9-b401-3dfce29d431d,必须坚持和发展中国特色社会主义,result\np_navi\pdf\857a79f1-7140-42c9-b401-3dfce29d431d.pdf,result\np_navi\txt\857a79f1-7140-42c9-b401-3dfce29d431d.txt
932ab377-f3b0-4413-bba1-b7140fc71056,快递进村  畅通城乡双向循环,result\np_navi\pdf\932ab377-f3b0-4413-bba1-b7140fc71056.pdf,result\np_navi\txt\932ab377-f3b0-4413-bba1-b7140fc71056.txt
76f9bd3a-84e9-4fb1-8ad2-ed54fadf27ef,“祝融号”的火星100天,result\np_navi\pdf\76f9bd3a-84e9-4fb1-8ad2-ed54fadf27ef.pdf,result\np_navi\txt\76f9bd3a-84e9-4fb1-8ad2-ed54fadf27ef.txt
85dab01f-57c0-4cf1-a927-42ba7f284b73,推动“双减”政策全面落地,result\np_navi\pdf\85dab01f-57c0-4cf1-a927-42ba7f284b73.pdf,result\np_navi\txt\85dab01f-57c0-4cf1-a927-42ba7f284b73.txt
5f8e6819-c495-4435-a060-bc00483c8a3d,充分发挥党内法规制度优势,result\np_navi\pdf\5f8e6819-c495-4435-a060-bc00483c8a3d.pdf,result\np_navi\txt\5f8e6819-c495-4435-a060-bc00483c8a3d.txt
a8ab2e42-1b4a-477f-a482-66fcdf07eaa1,以智能制造推动产业升级,result\np_navi\pdf\a8ab2e42-1b4a-477f-a482-66fcdf07eaa1.pdf,result\np_navi\txt\a8ab2e42-1b4a-477f-a482-66fcdf07eaa1.txt
9655a8ab-f7d2-4045-941f-da6b122c136c,以开源开放为抓手形成科技与产业新优势,result\np_navi\pdf\9655a8ab-f7d2-4045-941f-da6b122c136c.pdf,result\np_navi\txt\9655a8ab-f7d2-4045-941f-da6b122c136c.txt
12c52704-3879-443d-9a9f-58286cd68997,把全过程人民民主贯穿立法全过程,result\np_navi\pdf\12c52704-3879-443d-9a9f-58286cd68997.pdf,result\np_navi\txt\12c52704-3879-443d-9a9f-58286cd68997.txt
5f4c73a1-faa7-45d0-af69-c016cbf24efa,大力培养中医药人才,result\np_navi\pdf\5f4c73a1-faa7-45d0-af69-c016cbf24efa.pdf,result\np_navi\txt\5f4c73a1-faa7-45d0-af69-c016cbf24efa.txt
a3c4ea6b-2b72-4738-9c46-27fbd3e068c3,多方合力推进“双减”落地,result\np_navi\pdf\a3c4ea6b-2b72-4738-9c46-27fbd3e068c3.pdf,result\np_navi\txt\a3c4ea6b-2b72-4738-9c46-27fbd3e068c3.txt
5a188ec9-2d2a-4fdf-a26d-2b0890821f91,从伟大建党精神中汲取前行力量,result\np_navi\pdf\5a188ec9-2d2a-4fdf-a26d-2b0890821f91.pdf,result\np_navi\txt\5a188ec9-2d2a-4fdf-a26d-2b0890821f91.txt
d73355bd-ea2b-43e4-af46-319bf77759e9,加快完善现代种业全产业链,result\np_navi\pdf\d73355bd-ea2b-43e4-af46-319bf77759e9.pdf,result\np_navi\txt\d73355bd-ea2b-43e4-af46-319bf77759e9.txt
5dad5de1-4692-4100-baa6-0442975c4984,全国第一批政法队伍教育整顿成效显著,result\np_navi\pdf\5dad5de1-4692-4100-baa6-0442975c4984.pdf,result\np_navi\txt\5dad5de1-4692-4100-baa6-0442975c4984.txt
7835758e-0e1b-41a2-b534-f028e93731a7,建强党组织  共筑致富路,result\np_navi\pdf\7835758e-0e1b-41a2-b534-f028e93731a7.pdf,result\np_navi\txt\7835758e-0e1b-41a2-b534-f028e93731a7.txt
385ea1f9-4e88-4c0c-8b01-3bdc7a11bea2,危急关头，冲在最前面,result\np_navi\pdf\385ea1f9-4e88-4c0c-8b01-3bdc7a11bea2.pdf,result\np_navi\txt\385ea1f9-4e88-4c0c-8b01-3bdc7a11bea2.txt
5ecfd800-4748-470c-a3dd-fcd5f03c0ed5,俄罗斯加强职业教育培训,result\np_navi\pdf\5ecfd800-4748-470c-a3dd-fcd5f03c0ed5.pdf,result\np_navi\txt\5ecfd800-4748-470c-a3dd-fcd5f03c0ed5.txt
81472a65-af24-42c5-b482-03ef7ef17502,印尼下调多地限制措施级别,result\np_navi\pdf\81472a65-af24-42c5-b482-03ef7ef17502.pdf,result\np_navi\txt\81472a65-af24-42c5-b482-03ef7ef17502.txt
340e4b9d-a869-4f0e-a36b-fd85ddbe57af,泰国水果对华出口逆势上扬,result\np_navi\pdf\340e4b9d-a869-4f0e-a36b-fd85ddbe57af.pdf,result\np_navi\txt\340e4b9d-a869-4f0e-a36b-fd85ddbe57af.txt
c4e5e19f-ca13-4c40-9344-37ad6800b022,“溯源政治化破坏国际抗疫合作”,result\np_navi\pdf\c4e5e19f-ca13-4c40-9344-37ad6800b022.pdf,result\np_navi\txt\c4e5e19f-ca13-4c40-9344-37ad6800b022.txt
c70fb241-0579-4823-ac70-cca3fd8786d3,每一次突破都凝结着汗水,result\np_navi\pdf\c70fb241-0579-4823-ac70-cca3fd8786d3.pdf,result\np_navi\txt\c70fb241-0579-4823-ac70-cca3fd8786d3.txt
6ada7868-9bb2-40f3-b3a6-597389bfe5b9,关键时刻要敢打敢拼,result\np_navi\pdf\6ada7868-9bb2-40f3-b3a6-597389bfe5b9.pdf,result\np_navi\txt\6ada7868-9bb2-40f3-b3a6-597389bfe5b9.txt
f98a4c72-526e-4d21-b2eb-232ec31fe779,十万亩山林的“活地图”,result\np_navi\pdf\f98a4c72-526e-4d21-b2eb-232ec31fe779.pdf,result\np_navi\txt\f98a4c72-526e-4d21-b2eb-232ec31fe779.txt
160610ba-184c-48cb-b7a1-1473d4bf8e49,近5年青海输水年均增加超92亿立方米,result\np_navi\pdf\160610ba-184c-48cb-b7a1-1473d4bf8e49.pdf,result\np_navi\txt\160610ba-184c-48cb-b7a1-1473d4bf8e49.txt
4bc28f6a-ea3e-487c-aad1-e76f19b13096,碧海蓝天  擦亮生态名片,result\np_navi\pdf\4bc28f6a-ea3e-487c-aad1-e76f19b13096.pdf,result\np_navi\txt\4bc28f6a-ea3e-487c-aad1-e76f19b13096.txt
5d1510ca-35fa-4693-a2ee-62bbec4865ee,群众有所盼  实事这么干,result\np_navi\pdf\5d1510ca-35fa-4693-a2ee-62bbec4865ee.pdf,result\np_navi\txt\5d1510ca-35fa-4693-a2ee-62bbec4865ee.txt
21d1f438-493f-49e4-96cb-b36c29b0c19c,为产学研提供有力人才支撑,result\np_navi\pdf\21d1f438-493f-49e4-96cb-b36c29b0c19c.pdf,result\np_navi\txt\21d1f438-493f-49e4-96cb-b36c29b0c19c.txt
92d797c3-0b05-4137-8547-1441e09d797a,“带着大伙儿一起富”,result\np_navi\pdf\92d797c3-0b05-4137-8547-1441e09d797a.pdf,result\np_navi\txt\92d797c3-0b05-4137-8547-1441e09d797a.txt
56f0cf53-dd0e-4ff0-9ac1-9ebfe37c3049,提升历史自觉  把握历史主动,result\np_navi\pdf\56f0cf53-dd0e-4ff0-9ac1-9ebfe37c3049.pdf,result\np_navi\txt\56f0cf53-dd0e-4ff0-9ac1-9ebfe37c3049.txt
8c177d75-b88d-459c-8877-4bcd7133a7a7,积极培育养老新业态,result\np_navi\pdf\8c177d75-b88d-459c-8877-4bcd7133a7a7.pdf,result\np_navi\txt\8c177d75-b88d-459c-8877-4bcd7133a7a7.txt
c5478899-a760-41a7-bb6d-2e1267875e8e,尽情享受体育带来的快乐,result\np_navi\pdf\c5478899-a760-41a7-bb6d-2e1267875e8e.pdf,result\np_navi\txt\c5478899-a760-41a7-bb6d-2e1267875e8e.txt
b11bd98c-798f-45f3-96d0-33a463c91c38,引导学生树立正确的劳动观,result\np_navi\pdf\b11bd98c-798f-45f3-96d0-33a463c91c38.pdf,result\np_navi\txt\b11bd98c-798f-45f3-96d0-33a463c91c38.txt
1f76e4d5-5b8c-4c07-9f06-41d5570509d0,深刻理解和把握现代财税体制的理论源流,result\np_navi\pdf\1f76e4d5-5b8c-4c07-9f06-41d5570509d0.pdf,result\np_navi\txt\1f76e4d5-5b8c-4c07-9f06-41d5570509d0.txt
aadc9293-f992-413c-96e1-e004d358c0e2,国有企业要走好新的赶考之路,result\np_navi\pdf\aadc9293-f992-413c-96e1-e004d358c0e2.pdf,result\np_navi\txt\aadc9293-f992-413c-96e1-e004d358c0e2.txt
466094e1-0f7f-41ee-ac9e-babf2af53bf6,推进更高水平对外开放,result\np_navi\pdf\466094e1-0f7f-41ee-ac9e-babf2af53bf6.pdf,result\np_navi\txt\466094e1-0f7f-41ee-ac9e-babf2af53bf6.txt
1eb69f54-dd54-4e88-a0b2-6f5456d97bf9,为直播电商筑牢诚信之基,result\np_navi\pdf\1eb69f54-dd54-4e88-a0b2-6f5456d97bf9.pdf,result\np_navi\txt\1eb69f54-dd54-4e88-a0b2-6f5456d97bf9.txt
49729444-3a72-4fa8-9a85-e78eea03bd57,一体化带来新变化,result\np_navi\pdf\49729444-3a72-4fa8-9a85-e78eea03bd57.pdf,result\np_navi\txt\49729444-3a72-4fa8-9a85-e78eea03bd57.txt
bf5d5184-e7cb-4d74-80fc-e0038b3846b0,“五位一体”谱华章,result\np_navi\pdf\bf5d5184-e7cb-4d74-80fc-e0038b3846b0.pdf,result\np_navi\txt\bf5d5184-e7cb-4d74-80fc-e0038b3846b0.txt
bfb7401c-1715-49e3-8338-6560b3704375,干部减负担  工作增实效,result\np_navi\pdf\bfb7401c-1715-49e3-8338-6560b3704375.pdf,result\np_navi\txt\bfb7401c-1715-49e3-8338-6560b3704375.txt
bb5671f8-38f9-496c-a660-eb7b41f830b8,牢记初心使命  激发奋斗动力,result\np_navi\pdf\bb5671f8-38f9-496c-a660-eb7b41f830b8.pdf,result\np_navi\txt\bb5671f8-38f9-496c-a660-eb7b41f830b8.txt
cd33fc7b-eb6e-442f-b73b-135daac9b1c5,将党建和冬奥筹办工作深度融合,result\np_navi\pdf\cd33fc7b-eb6e-442f-b73b-135daac9b1c5.pdf,result\np_navi\txt\cd33fc7b-eb6e-442f-b73b-135daac9b1c5.txt
82b0b0b8-d7fe-4fca-ae37-1287f0f1f6ba,国家卫生健康委副主任曾益新：反对将溯源工作作为“甩锅”的工具,result\np_navi\pdf\82b0b0b8-d7fe-4fca-ae37-1287f0f1f6ba.pdf,result\np_navi\txt\82b0b0b8-d7fe-4fca-ae37-1287f0f1f6ba.txt
d21aede9-f8ba-4999-9130-2432f12d2b9a,搞政治溯源没有出路,result\np_navi\pdf\d21aede9-f8ba-4999-9130-2432f12d2b9a.pdf,result\np_navi\txt\d21aede9-f8ba-4999-9130-2432f12d2b9a.txt
64065fb8-d20e-40e3-bf98-da3dc9d2f9cc,挖掘拉中合作的无限潜力,result\np_navi\pdf\64065fb8-d20e-40e3-bf98-da3dc9d2f9cc.pdf,result\np_navi\txt\64065fb8-d20e-40e3-bf98-da3dc9d2f9cc.txt
8f48d7ee-a61a-4dcd-8290-4722ec89065f,加强投资合作  促进互利共赢,result\np_navi\pdf\8f48d7ee-a61a-4dcd-8290-4722ec89065f.pdf,result\np_navi\txt\8f48d7ee-a61a-4dcd-8290-4722ec89065f.txt
15a9a4df-f790-4e4d-bad8-473067c5dc23,现在生活更幸福,result\np_navi\pdf\15a9a4df-f790-4e4d-bad8-473067c5dc23.pdf,result\np_navi\txt\15a9a4df-f790-4e4d-bad8-473067c5dc23.txt
22feb0a2-8645-4255-8de4-fa207e8fecdf,发扬特区精神  深化改革开放,result\np_navi\pdf\22feb0a2-8645-4255-8de4-fa207e8fecdf.pdf,result\np_navi\txt\22feb0a2-8645-4255-8de4-fa207e8fecdf.txt
cad9604a-79b2-4bda-bddf-5afab3d4a432,全国人大财经干部培训广覆盖多形式,result\np_navi\pdf\cad9604a-79b2-4bda-bddf-5afab3d4a432.pdf,result\np_navi\txt\cad9604a-79b2-4bda-bddf-5afab3d4a432.txt
8298013b-d0ec-4715-9091-c4568a6ae1b4,技能中国行动正式启动,result\np_navi\pdf\8298013b-d0ec-4715-9091-c4568a6ae1b4.pdf,result\np_navi\txt\8298013b-d0ec-4715-9091-c4568a6ae1b4.txt
28e87fab-1b24-4128-8489-0eeeeebc5689,财政部发布今年前7月国有企业营收数据,result\np_navi\pdf\28e87fab-1b24-4128-8489-0eeeeebc5689.pdf,result\np_navi\txt\28e87fab-1b24-4128-8489-0eeeeebc5689.txt
dc56e78e-ea86-4318-b192-bdea2343f36b,继续发扬特区精神，勇当新时代的“拓荒牛”,result\np_navi\pdf\dc56e78e-ea86-4318-b192-bdea2343f36b.pdf,result\np_navi\txt\dc56e78e-ea86-4318-b192-bdea2343f36b.txt
3c23b85a-c537-492d-9260-18cc874d2667,为实现理想不懈奋斗,result\np_navi\pdf\3c23b85a-c537-492d-9260-18cc874d2667.pdf,result\np_navi\txt\3c23b85a-c537-492d-9260-18cc874d2667.txt
1a0ae293-4115-4c88-9a8b-f4f5a2771ab8,7月营业性货运量同比增7.8%,result\np_navi\pdf\1a0ae293-4115-4c88-9a8b-f4f5a2771ab8.pdf,result\np_navi\txt\1a0ae293-4115-4c88-9a8b-f4f5a2771ab8.txt
9cc742e6-303c-45d5-ad4b-5e6cf7ef8961,坚定不移走中国特色解决民族问题的正确道路,result\np_navi\pdf\9cc742e6-303c-45d5-ad4b-5e6cf7ef8961.pdf,result\np_navi\txt\9cc742e6-303c-45d5-ad4b-5e6cf7ef8961.txt
8fa7fa99-d14f-4902-bf53-539541a51879,深刻认识铸牢中华民族共同体意识的重大意义,result\np_navi\pdf\8fa7fa99-d14f-4902-bf53-539541a51879.pdf,result\np_navi\txt\8fa7fa99-d14f-4902-bf53-539541a51879.txt
a83c78e8-26d3-42aa-ad07-93eba7d296f0,推动核电行业和技术整体升级换代,result\np_navi\pdf\a83c78e8-26d3-42aa-ad07-93eba7d296f0.pdf,result\np_navi\txt\a83c78e8-26d3-42aa-ad07-93eba7d296f0.txt
4f36955c-0ddb-4166-b51f-0951e075fb65,永定河全线通水跨流域多水源调度启动,result\np_navi\pdf\4f36955c-0ddb-4166-b51f-0951e075fb65.pdf,result\np_navi\txt\4f36955c-0ddb-4166-b51f-0951e075fb65.txt
453d49c1-04b7-4870-8420-d21506cd7ba0,咱是有职称的新农民,result\np_navi\pdf\453d49c1-04b7-4870-8420-d21506cd7ba0.pdf,result\np_navi\txt\453d49c1-04b7-4870-8420-d21506cd7ba0.txt
dafd3c26-152b-4cf8-94b1-9b9a409ab1d7,技术在手  生活无忧,result\np_navi\pdf\dafd3c26-152b-4cf8-94b1-9b9a409ab1d7.pdf,result\np_navi\txt\dafd3c26-152b-4cf8-94b1-9b9a409ab1d7.txt
e42e1aee-dbd0-4004-b6f2-ba05a6a857e5,政治操弄的又一闹剧,result\np_navi\pdf\e42e1aee-dbd0-4004-b6f2-ba05a6a857e5.pdf,result\np_navi\txt\e42e1aee-dbd0-4004-b6f2-ba05a6a857e5.txt
495cfe02-dabb-4085-bbe1-4f938aa7b42f,外交部副部长马朝旭  就美国情报部门发布溯源调查报告发表谈话,result\np_navi\pdf\495cfe02-dabb-4085-bbe1-4f938aa7b42f.pdf,result\np_navi\txt\495cfe02-dabb-4085-bbe1-4f938aa7b42f.txt
a96e06d0-26b0-4d02-bb8d-7892507d8ea9,激发数字经济的增长潜能,result\np_navi\pdf\a96e06d0-26b0-4d02-bb8d-7892507d8ea9.pdf,result\np_navi\txt\a96e06d0-26b0-4d02-bb8d-7892507d8ea9.txt
b70f74ed-276c-41cc-8ae9-6be7aa8059fb,“见证中国日新月异的变化很有意义”,result\np_navi\pdf\b70f74ed-276c-41cc-8ae9-6be7aa8059fb.pdf,result\np_navi\txt\b70f74ed-276c-41cc-8ae9-6be7aa8059fb.txt
17272bd6-21f5-466f-848a-3d155ee0d90b,“中共是为人类进步事业奋斗的政党”,result\np_navi\pdf\17272bd6-21f5-466f-848a-3d155ee0d90b.pdf,result\np_navi\txt\17272bd6-21f5-466f-848a-3d155ee0d90b.txt
aa06b541-8768-4035-be91-5497fa0830aa,产业沿着公路走  公路促进产业兴,result\np_navi\pdf\aa06b541-8768-4035-be91-5497fa0830aa.pdf,result\np_navi\txt\aa06b541-8768-4035-be91-5497fa0830aa.txt
afee9e53-ca04-4ec5-ba73-809209972911,全心全意为人民服务,result\np_navi\pdf\afee9e53-ca04-4ec5-ba73-809209972911.pdf,result\np_navi\txt\afee9e53-ca04-4ec5-ba73-809209972911.txt
9fc26448-8046-4de0-a2bc-2c5508776b39,《习近平用典》西班牙语版新书发布会在哥斯达黎加举行,result\np_navi\pdf\9fc26448-8046-4de0-a2bc-2c5508776b39.pdf,result\np_navi\txt\9fc26448-8046-4de0-a2bc-2c5508776b39.txt
85792cfa-23a1-4aee-adaf-43ab06ab3a98,坚定不移走中国特色解决民族问题的正确道路,result\np_navi\pdf\85792cfa-23a1-4aee-adaf-43ab06ab3a98.pdf,result\np_navi\txt\85792cfa-23a1-4aee-adaf-43ab06ab3a98.txt
947f6470-b17d-4866-bcc5-7c6598c108a9,以铸牢中华民族共同体意识为主线  推动新时代党的民族工作高质量发展,result\np_navi\pdf\947f6470-b17d-4866-bcc5-7c6598c108a9.pdf,result\np_navi\txt\947f6470-b17d-4866-bcc5-7c6598c108a9.txt
25f6e536-0e97-494e-8590-42ade4292f25,首届“粤港澳大湾区购物节”开幕,result\np_navi\pdf\25f6e536-0e97-494e-8590-42ade4292f25.pdf,result\np_navi\txt\25f6e536-0e97-494e-8590-42ade4292f25.txt
f07c7d42-4cec-4a9f-8b0d-c4c82b5cc0e9,部署文娱领域综合治理工作,result\np_navi\pdf\f07c7d42-4cec-4a9f-8b0d-c4c82b5cc0e9.pdf,result\np_navi\txt\f07c7d42-4cec-4a9f-8b0d-c4c82b5cc0e9.txt
e72f45a9-d975-4fdb-94ce-e15b1dd4bd1d,碧绿菌草情谊长,result\np_navi\pdf\e72f45a9-d975-4fdb-94ce-e15b1dd4bd1d.pdf,result\np_navi\txt\e72f45a9-d975-4fdb-94ce-e15b1dd4bd1d.txt
cd83f049-bd2f-4338-adcf-7fe3a52fbac8,“五位一体”谱华章,result\np_navi\pdf\cd83f049-bd2f-4338-adcf-7fe3a52fbac8.pdf,result\np_navi\txt\cd83f049-bd2f-4338-adcf-7fe3a52fbac8.txt
4cab0e2d-c928-460a-a430-e1cec8c3e74b,前7月规上互联网企业收入增26.3%,result\np_navi\pdf\4cab0e2d-c928-460a-a430-e1cec8c3e74b.pdf,result\np_navi\txt\4cab0e2d-c928-460a-a430-e1cec8c3e74b.txt
54b23112-64a2-4ccf-8f24-f23088d18348,今年秋粮丰收基础好,result\np_navi\pdf\54b23112-64a2-4ccf-8f24-f23088d18348.pdf,result\np_navi\txt\54b23112-64a2-4ccf-8f24-f23088d18348.txt
9f84183f-c691-4d74-80cb-4ca9494d31e1,忠魂不泯  浩气长存,result\np_navi\pdf\9f84183f-c691-4d74-80cb-4ca9494d31e1.pdf,result\np_navi\txt\9f84183f-c691-4d74-80cb-4ca9494d31e1.txt
1f72ea08-e3c9-4d3d-8818-3b31b5894df8,功绩彪炳千秋  英名万古流芳,result\np_navi\pdf\1f72ea08-e3c9-4d3d-8818-3b31b5894df8.pdf,result\np_navi\txt\1f72ea08-e3c9-4d3d-8818-3b31b5894df8.txt
82d51f6f-180a-421c-b01c-c41db5cf5073,韩正同美国总统气候问题特使克里举行视频会见,result\np_navi\pdf\82d51f6f-180a-421c-b01c-c41db5cf5073.pdf,result\np_navi\txt\82d51f6f-180a-421c-b01c-c41db5cf5073.txt
e773c4b3-59fc-4ff6-8df2-cd2073845282,李克强将出席2021年太原能源低碳发展论坛,result\np_navi\pdf\e773c4b3-59fc-4ff6-8df2-cd2073845282.pdf,result\np_navi\txt\e773c4b3-59fc-4ff6-8df2-cd2073845282.txt
8840344e-4c84-48d0-9721-1952b85d414e,李克强将出席第七届世界自然保护大会开幕式,result\np_navi\pdf\8840344e-4c84-48d0-9721-1952b85d414e.pdf,result\np_navi\txt\8840344e-4c84-48d0-9721-1952b85d414e.txt
cfbff59c-602f-42f7-a6c9-1e6a460db5ad,信念坚定  对党忠诚,result\np_navi\pdf\cfbff59c-602f-42f7-a6c9-1e6a460db5ad.pdf,result\np_navi\txt\cfbff59c-602f-42f7-a6c9-1e6a460db5ad.txt
89d5b3ee-7c01-4d61-a586-efcf105719f9,在2021年中国国际服务贸易交易会全球服务贸易峰会上的致辞,result\np_navi\pdf\89d5b3ee-7c01-4d61-a586-efcf105719f9.pdf,result\np_navi\txt\89d5b3ee-7c01-4d61-a586-efcf105719f9.txt
8f8e8609-5f24-470c-8e6d-b0ca6e883a8f,习近平在2021年中国国际服务贸易交易会全球服务贸易峰会上发表视频致辞,result\np_navi\pdf\8f8e8609-5f24-470c-8e6d-b0ca6e883a8f.pdf,result\np_navi\txt\8f8e8609-5f24-470c-8e6d-b0ca6e883a8f.txt
b6eb90e3-a683-4795-aa8c-59bb489f90b8,习近平向菌草援外20周年暨助力可持续发展国际合作论坛致贺信,result\np_navi\pdf\b6eb90e3-a683-4795-aa8c-59bb489f90b8.pdf,result\np_navi\txt\b6eb90e3-a683-4795-aa8c-59bb489f90b8.txt
81140a2f-73d2-4f15-8c4e-5abdca26c205,习近平将出席俄罗斯第六届东方经济论坛全会开幕式,result\np_navi\pdf\81140a2f-73d2-4f15-8c4e-5abdca26c205.pdf,result\np_navi\txt\81140a2f-73d2-4f15-8c4e-5abdca26c205.txt
e6aff7f9-f1a2-4a6c-b6d1-00e1b3caa242,姜春云同志遗体在京火化,result\np_navi\pdf\e6aff7f9-f1a2-4a6c-b6d1-00e1b3caa242.pdf,result\np_navi\txt\e6aff7f9-f1a2-4a6c-b6d1-00e1b3caa242.txt
dc38b43d-66e2-4da0-9459-1a890256e877,公布《中华人民共和国外商投资法实施条例》,result\np_navi\pdf\dc38b43d-66e2-4da0-9459-1a890256e877.pdf,result\np_navi\txt\dc38b43d-66e2-4da0-9459-1a890256e877.txt
20be5860-530a-4184-996a-38bec771e7b5,中俄两国元首互致新年贺电,result\np_navi\pdf\20be5860-530a-4184-996a-38bec771e7b5.pdf,result\np_navi\txt\20be5860-530a-4184-996a-38bec771e7b5.txt
48acfdf3-a40c-4f28-8dbc-fe2fb0c0ce17,新年戏曲晚会在京举行,result\np_navi\pdf\48acfdf3-a40c-4f28-8dbc-fe2fb0c0ce17.pdf,result\np_navi\txt\48acfdf3-a40c-4f28-8dbc-fe2fb0c0ce17.txt
43baca27-c99d-4666-830f-8484260cb3b8,万众一心加油干,result\np_navi\pdf\43baca27-c99d-4666-830f-8484260cb3b8.pdf,result\np_navi\txt\43baca27-c99d-4666-830f-8484260cb3b8.txt
7142c2aa-d68c-46e4-875b-ef3e5baeaff9,不惧风雨  不畏险阻,result\np_navi\pdf\7142c2aa-d68c-46e4-875b-ef3e5baeaff9.pdf,result\np_navi\txt\7142c2aa-d68c-46e4-875b-ef3e5baeaff9.txt
80060a9e-8c76-4cb0-9937-312769bc9354,苏州工业园区  高水平开放  助推高质量发展,result\np_navi\pdf\80060a9e-8c76-4cb0-9937-312769bc9354.pdf,result\np_navi\txt\80060a9e-8c76-4cb0-9937-312769bc9354.txt
3e8de32d-e1ca-4ab3-a06e-d0d22e1427d8,“冰雪奇缘”续写中芬友谊新篇章,result\np_navi\pdf\3e8de32d-e1ca-4ab3-a06e-d0d22e1427d8.pdf,result\np_navi\txt\3e8de32d-e1ca-4ab3-a06e-d0d22e1427d8.txt
5312c6ae-ac82-4043-b7db-e121465a1fcc,携手合作共发展,result\np_navi\pdf\5312c6ae-ac82-4043-b7db-e121465a1fcc.pdf,result\np_navi\txt\5312c6ae-ac82-4043-b7db-e121465a1fcc.txt
f9c26219-75c1-4afa-96e9-1e6f045d9fb1,瞄准小院小楼  服务做细做优,result\np_navi\pdf\f9c26219-75c1-4afa-96e9-1e6f045d9fb1.pdf,result\np_navi\txt\f9c26219-75c1-4afa-96e9-1e6f045d9fb1.txt
cbaf64be-c96e-4c2f-8720-8ef00b000101,重点提案督办  建言落到实处,result\np_navi\pdf\cbaf64be-c96e-4c2f-8720-8ef00b000101.pdf,result\np_navi\txt\cbaf64be-c96e-4c2f-8720-8ef00b000101.txt
25152d7b-dae3-45de-8ff3-6a730bb5c7b0,给扶贫干部最坚强的后盾,result\np_navi\pdf\25152d7b-dae3-45de-8ff3-6a730bb5c7b0.pdf,result\np_navi\txt\25152d7b-dae3-45de-8ff3-6a730bb5c7b0.txt
ba8df8db-32fa-4aca-b2be-b34abf4b69d0,法治阳光  温暖人心,result\np_navi\pdf\ba8df8db-32fa-4aca-b2be-b34abf4b69d0.pdf,result\np_navi\txt\ba8df8db-32fa-4aca-b2be-b34abf4b69d0.txt
d7a34650-983d-4762-aa40-b4eed75e61a7,坚定信心，让梦想照进现实,result\np_navi\pdf\d7a34650-983d-4762-aa40-b4eed75e61a7.pdf,result\np_navi\txt\d7a34650-983d-4762-aa40-b4eed75e61a7.txt
0138b995-50a7-46fe-b839-fffc82c4e3ee,叫响万山好生态,result\np_navi\pdf\0138b995-50a7-46fe-b839-fffc82c4e3ee.pdf,result\np_navi\txt\0138b995-50a7-46fe-b839-fffc82c4e3ee.txt
eda596b2-674b-4384-b728-ed03a2b3d9da,坚持和完善中国特色社会主义制度  推进国家治理体系和治理能力现代化,result\np_navi\pdf\eda596b2-674b-4384-b728-ed03a2b3d9da.pdf,result\np_navi\txt\eda596b2-674b-4384-b728-ed03a2b3d9da.txt
677d7227-7d7f-4057-b420-44667f09aa6b,中国电影稳健前行,result\np_navi\pdf\677d7227-7d7f-4057-b420-44667f09aa6b.pdf,result\np_navi\txt\677d7227-7d7f-4057-b420-44667f09aa6b.txt
6946a18a-c855-4799-8b55-7adc69082ee1,根治欠薪彰显治理温度,result\np_navi\pdf\6946a18a-c855-4799-8b55-7adc69082ee1.pdf,result\np_navi\txt\6946a18a-c855-4799-8b55-7adc69082ee1.txt
